"archiveIndex","eligibleRank","state","exclusionReason","listingId","country","modelYear","mileageKm","realCostEur","absoluteScore","daysOnMarket","priceChangeFromFirstEur","accidentStatus","batterySohPercent","url"
"1","","SEEN_NOT_ELIGIBLE","LISTING_STATUS","95NG92","DE","2023","36780","49479","99.9","4","0","NO_ACCIDENT","","https://finder.porsche.com/de/de-DE/details/porsche-taycan-gebraucht-95NG92?condition=porsche_approved&model=taycan&minimum-registration-date=2020&order=price_asc"
"2","","SEEN_NOT_ELIGIBLE","LISTING_STATUS","D4V76E","DE","2023","54488","49151","98.9","4","0","NO_ACCIDENT","93","https://finder.porsche.com/de/de-DE/details/porsche-taycan-sport-turismo-gebraucht-D4V76E?condition=porsche_approved&model=taycan&minimum-registration-date=2020&order=price_asc"
"3","1","ELIGIBLE_RANKED","","R9N6QQ","BE","2024","57500","53715","98.9","32","0","NO_ACCIDENT","","https://finder.porsche.com/be/fr-BE/details/porsche-taycan-4-cross-turismo-doccasion-R9N6QQ?condition=porsche_approved&model=taycan&minimum-registration-date=2020&order=price_asc"
"4","","SEEN_NOT_ELIGIBLE","MILEAGE_FILTER","6GVPZ6","DE","2023","103960","49151","98.7","32","-841","NO_ACCIDENT","88","https://finder.porsche.com/de/de-DE/details/porsche-taycan-sport-turismo-gebraucht-6GVPZ6?condition=porsche_approved&model=taycan&minimum-registration-date=2020&order=price_asc&ph_auto=1&ph_session=3c6c16f9-3279-4820-ba85-46e6a5baf701&ph_market=DE"
"5","","SEEN_NOT_ELIGIBLE","LISTING_STATUS","706O24","DE","2023","71900","49227","98.6","32","0","NO_ACCIDENT","90","https://finder.porsche.com/de/de-DE/details/porsche-taycan-gebraucht-706O24?condition=porsche_approved&model=taycan&minimum-registration-date=2020&order=price_asc"
"6","2","ELIGIBLE_RANKED","","XZZV8N","FR","2023","61295","49992","98.2","15","0","NO_ACCIDENT","90","https://finder.porsche.com/fr/fr-FR/details/porsche-taycan-4-cross-turismo-doccasion-XZZV8N?condition=porsche_approved&model=taycan&minimum-registration-date=2020&order=price_asc"
"7","","SEEN_NOT_ELIGIBLE","LISTING_STATUS","4GWK35","DE","2023","29400","49412","98.1","4","0","DECLARED","","https://finder.porsche.com/de/de-DE/details/porsche-taycan-gebraucht-4GWK35?condition=porsche_approved&model=taycan&minimum-registration-date=2020&order=price_asc&ph_engine=TAYCAN"
"8","3","ELIGIBLE_RANKED","","WEKXX4","BE","2024","31903","53718","97.8","32","0","NO_ACCIDENT","","https://finder.porsche.com/be/fr-BE/details/porsche-taycan-4-cross-turismo-doccasion-WEKXX4?condition=porsche_approved&model=taycan&minimum-registration-date=2020&order=price_asc"
"9","","SEEN_NOT_ELIGIBLE","LISTING_STATUS","V9M3LR","DE","2023","82900","49496","97.7","32","-840","NO_ACCIDENT","94","https://finder.porsche.com/de/de-DE/details/porsche-taycan-4-cross-turismo-gebraucht-V9M3LR?condition=porsche_approved&model=taycan&minimum-registration-date=2020&order=price_asc"
"10","","SEEN_NOT_ELIGIBLE","YEAR_FILTER","4GK90Q","FR","2022","71307","49917","97.4","15","0","NO_ACCIDENT","90","https://finder.porsche.com/fr/fr-FR/details/porsche-taycan-doccasion-4GK90Q?condition=porsche_approved&model=taycan&minimum-registration-date=2020&order=price_asc"
"11","","SEEN_NOT_ELIGIBLE","LISTING_STATUS","MERGNO","LU","2022","33588","52906","97.4","32","-10994","NO_ACCIDENT","","https://finder.porsche.com/lu/fr-LU/details/porsche-taycan-4-cross-turismo-doccasion-MERGNO?condition=porsche_approved&model=taycan&minimum-registration-date=2020&order=price_asc&ph_auto=1&ph_session=9b1d3c0b-6fe5-48af-abc5-a0350e7858a5&ph_market=LU"
"12","","SEEN_NOT_ELIGIBLE","LISTING_STATUS","50LGO0","FR","2022","71307","49917","96.5","32","0","NO_ACCIDENT","","https://finder.porsche.com/fr/fr-FR/details/porsche-taycan-doccasion-50LGO0?condition=porsche_approved&model=taycan&minimum-registration-date=2020&order=price_asc"
"13","","SEEN_NOT_ELIGIBLE","LISTING_STATUS","3KVXOV","DE","2023","121446","44109","96.3","15","-2025","NO_ACCIDENT","86","https://finder.porsche.com/de/de-DE/details/porsche-taycan-gebraucht-3KVXOV?condition=porsche_approved&model=taycan&minimum-registration-date=2020&order=price_asc&ph_auto=1&ph_session=1e725055-1d08-4084-a888-86cdda3f23be&ph_market=DE"
"14","","SEEN_NOT_ELIGIBLE","YEAR_FILTER","OPMX8L","LU","2021","68143","49487","96.3","32","0","NO_ACCIDENT","","https://finder.porsche.com/lu/fr-LU/details/porsche-taycan-doccasion-OPMX8L?condition=porsche_approved&model=taycan&minimum-registration-date=2020&order=price_asc"
"15","","SEEN_NOT_ELIGIBLE","YEAR_FILTER","WK7M9M","NL","2022","48736","53512","96.1","32","0","UNKNOWN","","https://finder.porsche.com/nl/nl-NL/details/porsche-taycan-4-cross-turismo-occasion-WK7M9M?condition=porsche_approved&model=taycan&minimum-registration-date=2020&order=price_asc&ph_auto=1&ph_session=9b1d3c0b-6fe5-48af-abc5-a0350e7858a5&ph_market=NL"
"16","","SEEN_NOT_ELIGIBLE","YEAR_FILTER","8GR0PG","IT","2022","52606","52377","95.9","32","0","NO_ACCIDENT","","https://finder.porsche.com/it/it-IT/details/porsche-taycan-4-cross-turismo-usata-8GR0PG?condition=porsche_approved&model=taycan&minimum-registration-date=2020&order=price_asc&ph_auto=1&ph_session=9b1d3c0b-6fe5-48af-abc5-a0350e7858a5&ph_market=IT"
"17","","SEEN_NOT_ELIGIBLE","LISTING_STATUS","EX2LNW","DE","2021","100200","45294","95.8","32","-3866","NO_ACCIDENT","","https://finder.porsche.com/de/de-DE/details/porsche-taycan-4s-gebraucht-EX2LNW?condition=porsche_approved&model=taycan&minimum-registration-date=2020&order=price_asc&ph_auto=1&ph_session=9b1d3c0b-6fe5-48af-abc5-a0350e7858a5&ph_market=DE"
"18","","SEEN_NOT_ELIGIBLE","LISTING_STATUS","44Z0Q5","DE","2023","31602","49992","95.7","13","0","DECLARED","90","https://finder.porsche.com/de/de-DE/details/porsche-taycan-gebraucht-44Z0Q5?condition=porsche_approved&model=taycan&minimum-registration-date=2020&order=price_asc"
"19","","SEEN_NOT_ELIGIBLE","LISTING_STATUS","363Z2V","DE","2021","23473","49294","95.4","32","0","NO_ACCIDENT","","https://finder.porsche.com/de/de-DE/details/porsche-taycan-4-cross-turismo-gebraucht-363Z2V?condition=porsche_approved&model=taycan&minimum-registration-date=2020&order=price_asc"
"20","4","ELIGIBLE_RANKED","","05GMQ4","DE","2023","56816","50000","95.4","15","0","NO_ACCIDENT","92","https://finder.porsche.com/de/de-DE/details/porsche-taycan-gebraucht-05GMQ4?condition=porsche_approved&model=taycan&minimum-registration-date=2020&order=price_asc&ph_engine=TAYCAN"
"21","5","ELIGIBLE_RANKED","","L8KL96","DE","2023","45083","49546","95.3","15","0","NO_ACCIDENT","93","https://finder.porsche.com/de/de-DE/details/porsche-taycan-sport-turismo-gebraucht-L8KL96?condition=porsche_approved&model=taycan&minimum-registration-date=2020&order=price_asc"
"22","6","ELIGIBLE_RANKED","","L8R88Z","DE","2023","40247","49908","94.9","0","0","NO_ACCIDENT","91","https://finder.porsche.com/de/de-DE/details/porsche-taycan-sport-turismo-gebraucht-L8R88Z?condition=porsche_approved&model=taycan&minimum-registration-date=2020&order=price_asc&ph_engine=TAYCAN"
"23","7","ELIGIBLE_RANKED","","45M453","IT","2023","72879","45000","94.8","32","0","NO_ACCIDENT","","https://finder.porsche.com/it/it-IT/details/porsche-taycan-usata-45M453?condition=porsche_approved&model=taycan&minimum-registration-date=2020&order=price_asc"
"24","","SEEN_NOT_ELIGIBLE","YEAR_FILTER","R90EV4","FR","2021","103398","49917","94.8","32","0","NO_ACCIDENT","","https://finder.porsche.com/fr/fr-FR/details/porsche-taycan-4-cross-turismo-doccasion-R90EV4?condition=porsche_approved&model=taycan&minimum-registration-date=2020&order=price_asc"
"25","","SEEN_NOT_ELIGIBLE","LISTING_STATUS","903Q22","IT","2021","54120","49098","94.7","32","0","NO_ACCIDENT","","https://finder.porsche.com/it/it-IT/details/porsche-taycan-usata-903Q22?condition=porsche_approved&model=taycan&minimum-registration-date=2020&order=price_asc&ph_auto=1&ph_session=9b1d3c0b-6fe5-48af-abc5-a0350e7858a5&ph_market=IT"
"26","","SEEN_NOT_ELIGIBLE","YEAR_FILTER","5KK7XV","IT","2022","44900","51557","93.5","32","0","NO_ACCIDENT","","https://finder.porsche.com/it/it-IT/details/porsche-taycan-4-cross-turismo-usata-5KK7XV?condition=porsche_approved&model=taycan&minimum-registration-date=2020&order=price_asc&ph_auto=1&ph_session=9b1d3c0b-6fe5-48af-abc5-a0350e7858a5&ph_market=IT"
"27","","SEEN_NOT_ELIGIBLE","YEAR_FILTER","EPDN76","IT","2022","85108","52295","93.5","32","0","NO_ACCIDENT","","https://finder.porsche.com/it/it-IT/details/porsche-taycan-4-cross-turismo-usata-EPDN76?condition=porsche_approved&model=taycan&minimum-registration-date=2020&order=price_asc&ph_auto=1&ph_session=9b1d3c0b-6fe5-48af-abc5-a0350e7858a5&ph_market=IT"
"28","","SEEN_NOT_ELIGIBLE","YEAR_FILTER","7K6VM7","IT","2021","100357","50738","93.3","32","-819","NO_ACCIDENT","","https://finder.porsche.com/it/it-IT/details/porsche-taycan-4s-cross-turismo-usata-7K6VM7?condition=porsche_approved&model=taycan&minimum-registration-date=2020&order=price_asc&ph_auto=1&ph_session=1e725055-1d08-4084-a888-86cdda3f23be&ph_market=IT"
"29","","SEEN_NOT_ELIGIBLE","YEAR_FILTER","44OQ7E","DE","2021","81390","47017","93.2","32","-1680","DECLARED","","https://finder.porsche.com/de/de-DE/details/porsche-taycan-4s-gebraucht-44OQ7E?condition=porsche_approved&model=taycan&minimum-registration-date=2020&order=price_asc&ph_auto=1&ph_session=7e65d738-0cdf-42e8-b0eb-2b44647c0cb8&ph_market=DE"
"30","","SEEN_NOT_ELIGIBLE","YEAR_FILTER","64ED2D","IT","2021","52170","47869","93","32","-328","NO_ACCIDENT","","https://finder.porsche.com/it/it-IT/details/porsche-taycan-usata-64ED2D?condition=porsche_approved&model=taycan&minimum-registration-date=2020&order=price_asc&ph_auto=1&ph_session=7e65d738-0cdf-42e8-b0eb-2b44647c0cb8&ph_market=IT"
"31","","SEEN_NOT_ELIGIBLE","YEAR_FILTER","NP5P7P","BE","2021","68220","51649","92.8","32","0","NO_ACCIDENT","","https://finder.porsche.com/be/fr-BE/details/porsche-taycan-4s-doccasion-NP5P7P?condition=porsche_approved&model=taycan&minimum-registration-date=2020&order=price_asc&ph_auto=1&ph_session=9b1d3c0b-6fe5-48af-abc5-a0350e7858a5&ph_market=BE"
"32","","SEEN_NOT_ELIGIBLE","LISTING_STATUS","L8GL9Z","LU","2021","55228","54615","92.8","32","-2564","NO_ACCIDENT","","https://finder.porsche.com/lu/fr-LU/details/porsche-taycan-4-cross-turismo-doccasion-L8GL9Z?condition=porsche_approved&model=taycan&minimum-registration-date=2020&order=price_asc&ph_auto=1&ph_session=9b1d3c0b-6fe5-48af-abc5-a0350e7858a5&ph_market=LU"
"33","","SEEN_NOT_ELIGIBLE","YEAR_FILTER","44LR65","DE","2022","86999","47899","92.7","32","-1597","DECLARED","","https://finder.porsche.com/de/de-DE/details/porsche-taycan-4-cross-turismo-gebraucht-44LR65?condition=porsche_approved&model=taycan&minimum-registration-date=2020&order=price_asc&ph_auto=1&ph_session=c583d964-8681-436c-a5fd-8677f1b4e993&ph_market=DE&ph_engine=TAYCAN"
"34","","SEEN_NOT_ELIGIBLE","LISTING_STATUS","ZO2E6E","NL","2021","45885","51983","92.3","32","0","UNKNOWN","","https://finder.porsche.com/nl/nl-NL/details/porsche-taycan-occasion-ZO2E6E?condition=porsche_approved&model=taycan&minimum-registration-date=2020&order=price_asc"
"35","8","ELIGIBLE_RANKED","","95VNO2","BE","2023","68384","53718","92.3","32","0","NO_ACCIDENT","","https://finder.porsche.com/be/fr-BE/details/porsche-taycan-sport-turismo-doccasion-95VNO2?condition=porsche_approved&model=taycan&minimum-registration-date=2020&order=price_asc"
"36","","SEEN_NOT_ELIGIBLE","MILEAGE_FILTER","6GGWP6","FR","2023","79500","51583","92.2","15","0","NO_ACCIDENT","","https://finder.porsche.com/fr/fr-FR/details/porsche-taycan-doccasion-6GGWP6?condition=porsche_approved&model=taycan&minimum-registration-date=2020&order=price_asc&ph_auto=1&ph_session=7e65d738-0cdf-42e8-b0eb-2b44647c0cb8&ph_market=FR"
"37","","SEEN_NOT_ELIGIBLE","LISTING_STATUS","DR30Z3","DE","2023","62274","50336","92.1","32","0","DECLARED","","https://finder.porsche.com/de/de-DE/details/porsche-taycan-gebraucht-DR30Z3?condition=porsche_approved&model=taycan&minimum-registration-date=2020&order=price_asc"
"38","","SEEN_NOT_ELIGIBLE","YEAR_FILTER","XZ988N","BE","2022","37743","59999","92.1","32","0","NO_ACCIDENT","","https://finder.porsche.com/be/fr-BE/details/porsche-taycan-4-cross-turismo-doccasion-XZ988N?condition=porsche_approved&model=taycan&minimum-registration-date=2020&order=price_asc&ph_auto=1&ph_session=9b1d3c0b-6fe5-48af-abc5-a0350e7858a5&ph_market=BE"
"39","","SEEN_NOT_ELIGIBLE","LISTING_STATUS","DRNQ7N","DE","2023","25209","48681","91.9","32","-1680","NO_ACCIDENT","94","https://finder.porsche.com/de/de-DE/details/porsche-taycan-gebraucht-DRNQ7N?condition=porsche_approved&model=taycan&minimum-registration-date=2020&order=price_asc"
"40","9","ELIGIBLE_RANKED","","82EG3Q","BE","2023","53625","53718","91.8","6","0","NO_ACCIDENT","","https://finder.porsche.com/be/fr-BE/details/porsche-taycan-sport-turismo-doccasion-82EG3Q?condition=porsche_approved&model=taycan&minimum-registration-date=2020&order=price_asc"
"41","","SEEN_NOT_ELIGIBLE","YEAR_FILTER","25Z05K","FR","2020","102600","49992","90.3","32","0","NO_ACCIDENT","","https://finder.porsche.com/fr/fr-FR/details/porsche-taycan-4s-doccasion-25Z05K?condition=porsche_approved&model=taycan&minimum-registration-date=2020&order=price_asc"
"42","","SEEN_NOT_ELIGIBLE","LISTING_STATUS","V4D64E","IT","2022","39000","59900","90.2","32","0","NO_ACCIDENT","","https://finder.porsche.com/it/it-IT/details/porsche-taycan-sport-turismo-usata-V4D64E?condition=porsche_approved&model=taycan&minimum-registration-date=2020&order=price_asc&ph_auto=1&ph_session=9b1d3c0b-6fe5-48af-abc5-a0350e7858a5&ph_market=IT"
"43","","SEEN_NOT_ELIGIBLE","YEAR_FILTER","K7W7WM","IT","2021","58400","51639","90.1","32","0","NO_ACCIDENT","","https://finder.porsche.com/it/it-IT/details/porsche-taycan-4-cross-turismo-usata-K7W7WM?condition=porsche_approved&model=taycan&minimum-registration-date=2020&order=price_asc&ph_auto=1&ph_session=9b1d3c0b-6fe5-48af-abc5-a0350e7858a5&ph_market=IT"
"44","","SEEN_NOT_ELIGIBLE","YEAR_FILTER","709R87","LU","2022","60156","59744","89.9","32","0","NO_ACCIDENT","","https://finder.porsche.com/lu/fr-LU/details/porsche-taycan-4s-cross-turismo-doccasion-709R87?condition=porsche_approved&model=taycan&minimum-registration-date=2020&order=price_asc&ph_auto=1&ph_session=9b1d3c0b-6fe5-48af-abc5-a0350e7858a5&ph_market=LU"
"45","","SEEN_NOT_ELIGIBLE","LISTING_STATUS","WKERXZ","FR","2021","83496","52417","89.5","32","0","NO_ACCIDENT","","https://finder.porsche.com/fr/fr-FR/details/porsche-taycan-4-cross-turismo-doccasion-WKERXZ?condition=porsche_approved&model=taycan&minimum-registration-date=2020&order=price_asc&ph_auto=1&ph_session=9b1d3c0b-6fe5-48af-abc5-a0350e7858a5&ph_market=FR"
"46","","SEEN_NOT_ELIGIBLE","YEAR_FILTER","456L39","FR","2021","112108","44917","89.2","32","-1666","NO_ACCIDENT","","https://finder.porsche.com/fr/fr-FR/details/porsche-taycan-doccasion-456L39?condition=porsche_approved&model=taycan&minimum-registration-date=2020&order=price_asc"
"47","","SEEN_NOT_ELIGIBLE","LISTING_STATUS","OP80D3","BE","2022","29293","59917","89","32","0","NO_ACCIDENT","","https://finder.porsche.com/be/fr-BE/details/porsche-taycan-4s-doccasion-OP80D3?condition=porsche_approved&model=taycan&minimum-registration-date=2020&order=price_asc&ph_auto=1&ph_session=9b1d3c0b-6fe5-48af-abc5-a0350e7858a5&ph_market=BE"
"48","","SEEN_NOT_ELIGIBLE","MILEAGE_FILTER","95XRM2","FR","2023","90100","59900","88.8","15","0","NO_ACCIDENT","","https://finder.porsche.com/fr/fr-FR/details/porsche-taycan-4-cross-turismo-doccasion-95XRM2?condition=porsche_approved&model=taycan&minimum-registration-date=2020&order=price_asc"
"49","","SEEN_NOT_ELIGIBLE","LISTING_STATUS","6WW6DP","FR","2021","90251","52417","88.7","32","0","NO_ACCIDENT","","https://finder.porsche.com/fr/fr-FR/details/porsche-taycan-turbo-doccasion-6WW6DP?condition=porsche_approved&model=taycan&minimum-registration-date=2020&order=price_asc"
"50","","SEEN_NOT_ELIGIBLE","LISTING_STATUS","K5VV0P","BE","2022","80163","57850","88.6","32","0","NO_ACCIDENT","","https://finder.porsche.com/be/fr-BE/details/porsche-taycan-4-cross-turismo-doccasion-K5VV0P?condition=porsche_approved&model=taycan&minimum-registration-date=2020&order=price_asc&ph_auto=1&ph_session=9b1d3c0b-6fe5-48af-abc5-a0350e7858a5&ph_market=BE"
"51","","SEEN_NOT_ELIGIBLE","LISTING_STATUS","XGEQEP","DE","2022","46200","48697","88.4","32","0","DECLARED","","https://finder.porsche.com/de/de-DE/details/porsche-taycan-gebraucht-XGEQEP?condition=porsche_approved&model=taycan&minimum-registration-date=2020&order=price_asc"
"52","","SEEN_NOT_ELIGIBLE","YEAR_FILTER","XZNQ2X","FR","2022","72968","52417","88.2","32","0","NO_ACCIDENT","","https://finder.porsche.com/fr/fr-FR/details/porsche-taycan-doccasion-XZNQ2X?condition=porsche_approved&model=taycan&minimum-registration-date=2020&order=price_asc&ph_auto=1&ph_session=9b1d3c0b-6fe5-48af-abc5-a0350e7858a5&ph_market=FR"
"53","","SEEN_NOT_ELIGIBLE","YEAR_FILTER","PV5NDK","LU","2022","73328","55470","87.7","32","0","NO_ACCIDENT","","https://finder.porsche.com/lu/fr-LU/details/porsche-taycan-4s-sport-turismo-doccasion-PV5NDK?condition=porsche_approved&model=taycan&minimum-registration-date=2020&order=price_asc&ph_auto=1&ph_session=9b1d3c0b-6fe5-48af-abc5-a0350e7858a5&ph_market=LU"
"54","","SEEN_NOT_ELIGIBLE","MILEAGE_FILTER","70D674","ES","2023","108200","59900","86.6","32","0","UNKNOWN","","https://finder.porsche.com/es/es-ES/details/porsche-taycan-usado-70D674?condition=porsche_approved&model=taycan&minimum-registration-date=2020&order=price_asc"
"55","","SEEN_NOT_ELIGIBLE","LISTING_STATUS","5KQDMW","DE","2021","57900","50336","86.5","32","0","NO_ACCIDENT","","https://finder.porsche.com/de/de-DE/details/porsche-taycan-gebraucht-5KQDMW?condition=porsche_approved&model=taycan&minimum-registration-date=2020&order=price_asc&ph_auto=1&ph_session=9b1d3c0b-6fe5-48af-abc5-a0350e7858a5&ph_market=DE"
"56","","SEEN_NOT_ELIGIBLE","YEAR_FILTER","9P60ZO","NL","2020","85901","53636","86.5","32","-4133","UNKNOWN","","https://finder.porsche.com/nl/nl-NL/details/porsche-taycan-turbo-occasion-9P60ZO?condition=porsche_approved&model=taycan&minimum-registration-date=2020&order=price_asc&ph_auto=1&ph_session=1e725055-1d08-4084-a888-86cdda3f23be&ph_market=NL"
"57","","SEEN_NOT_ELIGIBLE","LISTING_STATUS","0OEK2E","DE","2021","50150","54890","86.5","32","0","NO_ACCIDENT","","https://finder.porsche.com/de/de-DE/details/porsche-taycan-gebraucht-0OEK2E?condition=porsche_approved&model=taycan&minimum-registration-date=2020&order=price_asc&ph_auto=1&ph_session=9b1d3c0b-6fe5-48af-abc5-a0350e7858a5&ph_market=DE"
"58","","SEEN_NOT_ELIGIBLE","LISTING_STATUS","OGXDZ7","DE","2022","46200","47857","86.4","12","0","DECLARED","","https://finder.porsche.com/de/de-DE/details/porsche-taycan-gebraucht-OGXDZ7?condition=porsche_approved&model=taycan&minimum-registration-date=2020&order=price_asc&ph_auto=1&ph_session=9c1853cb-cb9b-4117-b94a-bec4ef4308d3&ph_market=DE"
"59","","SEEN_NOT_ELIGIBLE","LISTING_STATUS","OPD7WL","BE","2022","24729","56198","86.3","32","0","NO_ACCIDENT","","https://finder.porsche.com/be/fr-BE/details/porsche-taycan-doccasion-OPD7WL?condition=porsche_approved&model=taycan&minimum-registration-date=2020&order=price_asc&ph_auto=1&ph_session=9b1d3c0b-6fe5-48af-abc5-a0350e7858a5&ph_market=BE"
"60","","SEEN_NOT_ELIGIBLE","YEAR_FILTER","W3RR7L","FR","2021","95000","52417","86.2","32","0","DECLARED","","https://finder.porsche.com/fr/fr-FR/details/porsche-taycan-4s-cross-turismo-doccasion-W3RR7L?condition=porsche_approved&model=taycan&minimum-registration-date=2020&order=price_asc&ph_auto=1&ph_session=9b1d3c0b-6fe5-48af-abc5-a0350e7858a5&ph_market=FR"
"61","","SEEN_NOT_ELIGIBLE","LISTING_STATUS","Z5L6LP","DE","2020","73090","58900","86.2","32","0","NO_ACCIDENT","","https://finder.porsche.com/de/de-DE/details/porsche-taycan-4s-gebraucht-Z5L6LP?condition=porsche_approved&model=taycan&minimum-registration-date=2020&order=price_asc"
"62","","SEEN_NOT_ELIGIBLE","YEAR_FILTER","Z5Z05D","NL","2022","26911","63554","85.2","32","0","UNKNOWN","","https://finder.porsche.com/nl/nl-NL/details/porsche-taycan-4-cross-turismo-occasion-Z5Z05D?condition=porsche_approved&model=taycan&minimum-registration-date=2020&order=price_asc&ph_auto=1&ph_session=79ee25c6-edab-4027-a9e4-627f277a5201&ph_market=NL"
"63","","SEEN_NOT_ELIGIBLE","LISTING_STATUS","700994","NL","2023","53173","60248","84.8","32","0","UNKNOWN","","https://finder.porsche.com/nl/nl-NL/details/porsche-taycan-4-cross-turismo-occasion-700994?condition=porsche_approved&model=taycan&minimum-registration-date=2020&order=price_asc"
"64","","SEEN_NOT_ELIGIBLE","YEAR_FILTER","057Z22","FR","2021","67590","49917","84.7","6","0","NO_ACCIDENT","","https://finder.porsche.com/fr/fr-FR/details/porsche-taycan-4s-doccasion-057Z22?condition=porsche_approved&model=taycan&minimum-registration-date=2020&order=price_asc&ph_auto=1&ph_session=1e725055-1d08-4084-a888-86cdda3f23be&ph_market=FR"
"65","","SEEN_NOT_ELIGIBLE","LISTING_STATUS","KPLP4G","DE","2023","88186","57500","84.7","32","0","NO_ACCIDENT","","https://finder.porsche.com/de/de-DE/details/porsche-taycan-gebraucht-KPLP4G?condition=porsche_approved&model=taycan&minimum-registration-date=2020&order=price_asc"
"66","","SEEN_NOT_ELIGIBLE","YEAR_FILTER","G7E45N","IT","2022","48605","52377","84.6","8","0","NO_ACCIDENT","","https://finder.porsche.com/it/it-IT/details/porsche-taycan-4-cross-turismo-usata-G7E45N?condition=porsche_approved&model=taycan&minimum-registration-date=2020&order=price_asc&ph_auto=1&ph_session=79ee25c6-edab-4027-a9e4-627f277a5201&ph_market=IT"
"67","","SEEN_NOT_ELIGIBLE","YEAR_FILTER","PV8ZQK","LU","2022","43909","64017","84.3","32","0","NO_ACCIDENT","","https://finder.porsche.com/lu/fr-LU/details/porsche-taycan-4s-cross-turismo-doccasion-PV8ZQK?condition=porsche_approved&model=taycan&minimum-registration-date=2020&order=price_asc&ph_auto=1&ph_session=9b1d3c0b-6fe5-48af-abc5-a0350e7858a5&ph_market=LU"
"68","","SEEN_NOT_ELIGIBLE","LISTING_STATUS","45LQN5","DE","2021","66115","48647","83.6","12","-1689","DECLARED","","https://finder.porsche.com/de/de-DE/details/porsche-taycan-4s-gebraucht-45LQN5?condition=porsche_approved&model=taycan&minimum-registration-date=2020&order=price_asc&ph_auto=1&ph_session=9c1853cb-cb9b-4117-b94a-bec4ef4308d3&ph_market=DE"
"69","","SEEN_NOT_ELIGIBLE","LISTING_STATUS","LVZVQQ","IT","2021","63762","44180","83.3","32","0","UNKNOWN","","https://finder.porsche.com/it/it-IT/details/porsche-taycan-usata-LVZVQQ?condition=porsche_approved&model=taycan&minimum-registration-date=2020&order=price_asc"
"70","","SEEN_NOT_ELIGIBLE","YEAR_FILTER","36XEZW","IT","2022","55190","53197","83.2","6","0","NO_ACCIDENT","","https://finder.porsche.com/it/it-IT/details/porsche-taycan-4-cross-turismo-usata-36XEZW?condition=porsche_approved&model=taycan&minimum-registration-date=2020&order=price_asc&ph_auto=1&ph_session=1e725055-1d08-4084-a888-86cdda3f23be&ph_market=IT"
"71","","SEEN_NOT_ELIGIBLE","LISTING_STATUS","M7GDNE","FR","2020","80800","57900","82.6","32","0","NO_ACCIDENT","","https://finder.porsche.com/fr/fr-FR/details/porsche-taycan-4s-doccasion-M7GDNE?condition=porsche_approved&model=taycan&minimum-registration-date=2020&order=price_asc"
"72","","SEEN_NOT_ELIGIBLE","LISTING_STATUS","7064R6","IT","2021","47500","52377","82.5","15","0","NO_ACCIDENT","","https://finder.porsche.com/it/it-IT/details/porsche-taycan-4-cross-turismo-usata-7064R6?condition=porsche_approved&model=taycan&minimum-registration-date=2020&order=price_asc&ph_auto=1&ph_session=9b1d3c0b-6fe5-48af-abc5-a0350e7858a5&ph_market=IT"
"73","","SEEN_NOT_ELIGIBLE","MILEAGE_FILTER","NPLZRV","BE","2023","75010","53718","82.4","32","0","NO_ACCIDENT","","https://finder.porsche.com/be/fr-BE/details/porsche-taycan-doccasion-NPLZRV?condition=porsche_approved&model=taycan&minimum-registration-date=2020&order=price_asc"
"74","","SEEN_NOT_ELIGIBLE","LISTING_STATUS","OGXD97","DE","2024","25200","56900","82","12","0","NO_ACCIDENT","","https://finder.porsche.com/de/de-DE/details/porsche-taycan-gebraucht-OGXD97?condition=porsche_approved&model=taycan&minimum-registration-date=2020&order=price_asc"
"75","","SEEN_NOT_ELIGIBLE","LISTING_STATUS","DR7RLP","FR","2021","17511","51583","81.9","11","0","NO_ACCIDENT","","https://finder.porsche.com/fr/fr-FR/details/porsche-taycan-doccasion-DR7RLP?condition=porsche_approved&model=taycan&minimum-registration-date=2020&order=price_asc&ph_auto=1&ph_session=89c22332-df21-4b11-a2de-3b7a43fb6e99&ph_market=FR"
"76","","SEEN_NOT_ELIGIBLE","YEAR_FILTER","O68L49","IT","2022","57933","63900","81.9","32","0","NO_ACCIDENT","","https://finder.porsche.com/it/it-IT/details/porsche-taycan-sport-turismo-usata-O68L49?condition=porsche_approved&model=taycan&minimum-registration-date=2020&order=price_asc&ph_auto=1&ph_session=2c18d404-f2a3-44c9-a0ba-8d0bf36f2456&ph_market=IT"
"77","","SEEN_NOT_ELIGIBLE","YEAR_FILTER","4GEP69","IT","2021","42020","53197","81.7","8","0","NO_ACCIDENT","","https://finder.porsche.com/it/it-IT/details/porsche-taycan-4s-usata-4GEP69?condition=porsche_approved&model=taycan&minimum-registration-date=2020&order=price_asc&ph_auto=1&ph_session=79ee25c6-edab-4027-a9e4-627f277a5201&ph_market=IT"
"78","","SEEN_NOT_ELIGIBLE","YEAR_FILTER","XZQK3N","FR","2020","75900","59800","81.7","32","0","NO_ACCIDENT","","https://finder.porsche.com/fr/fr-FR/details/porsche-taycan-4s-doccasion-XZQK3N?condition=porsche_approved&model=taycan&minimum-registration-date=2020&order=price_asc&ph_auto=1&ph_session=9b1d3c0b-6fe5-48af-abc5-a0350e7858a5&ph_market=FR"
"79","","SEEN_NOT_ELIGIBLE","YEAR_FILTER","L87QQ9","IT","2022","71449","53197","81.6","12","0","NO_ACCIDENT","","https://finder.porsche.com/it/it-IT/details/porsche-taycan-4-cross-turismo-usata-L87QQ9?condition=porsche_approved&model=taycan&minimum-registration-date=2020&order=price_asc&ph_auto=1&ph_session=9c1853cb-cb9b-4117-b94a-bec4ef4308d3&ph_market=IT"
"80","","SEEN_NOT_ELIGIBLE","YEAR_FILTER","82X253","DE","2021","72115","49151","81.3","14","0","DECLARED","","https://finder.porsche.com/de/de-DE/details/porsche-taycan-gebraucht-82X253?condition=porsche_approved&model=taycan&minimum-registration-date=2020&order=price_asc&ph_auto=1&ph_session=3c6c16f9-3279-4820-ba85-46e6a5baf701&ph_market=DE"
"81","","SEEN_NOT_ELIGIBLE","YEAR_FILTER","V45M7K","DE","2021","42400","50319","81.3","6","0","DECLARED","","https://finder.porsche.com/de/de-DE/details/porsche-taycan-4-cross-turismo-gebraucht-V45M7K?condition=porsche_approved&model=taycan&minimum-registration-date=2020&order=price_asc&ph_auto=1&ph_session=1e725055-1d08-4084-a888-86cdda3f23be&ph_market=DE"
"82","","SEEN_NOT_ELIGIBLE","LISTING_STATUS","G7Z3GN","DE","2020","88990","59900","81.3","32","0","NO_ACCIDENT","","https://finder.porsche.com/de/de-DE/details/porsche-taycan-4s-gebraucht-G7Z3GN?condition=porsche_approved&model=taycan&minimum-registration-date=2020&order=price_asc"
"83","","SEEN_NOT_ELIGIBLE","LISTING_STATUS","RL458Q","IT","2021","53600","54016","81.1","15","0","NO_ACCIDENT","","https://finder.porsche.com/it/it-IT/details/porsche-taycan-4-cross-turismo-usata-RL458Q?condition=porsche_approved&model=taycan&minimum-registration-date=2020&order=price_asc&ph_auto=1&ph_session=9b1d3c0b-6fe5-48af-abc5-a0350e7858a5&ph_market=IT"
"84","","SEEN_NOT_ELIGIBLE","YEAR_FILTER","6GPRDD","FR","2021","59568","58990","80.6","32","0","NO_ACCIDENT","","https://finder.porsche.com/fr/fr-FR/details/porsche-taycan-doccasion-6GPRDD?condition=porsche_approved&model=taycan&minimum-registration-date=2020&order=price_asc&ph_auto=1&ph_session=9b1d3c0b-6fe5-48af-abc5-a0350e7858a5&ph_market=FR"
"85","","SEEN_NOT_ELIGIBLE","YEAR_FILTER","0OV4O2","FR","2020","70980","59900","80.3","32","0","NO_ACCIDENT","","https://finder.porsche.com/fr/fr-FR/details/porsche-taycan-4s-doccasion-0OV4O2?condition=porsche_approved&model=taycan&minimum-registration-date=2020&order=price_asc&ph_auto=1&ph_session=9b1d3c0b-6fe5-48af-abc5-a0350e7858a5&ph_market=FR"
"86","","SEEN_NOT_ELIGIBLE","LISTING_STATUS","25QV25","DE","2021","84991","50328","79.4","15","0","NO_ACCIDENT","","https://finder.porsche.com/de/de-DE/details/porsche-taycan-4-cross-turismo-gebraucht-25QV25?condition=porsche_approved&model=taycan&minimum-registration-date=2020&order=price_asc&ph_auto=1&ph_session=9b1d3c0b-6fe5-48af-abc5-a0350e7858a5&ph_market=DE"
"87","","SEEN_NOT_ELIGIBLE","YEAR_FILTER","44LGDE","DE","2021","89900","50328","78.6","0","0","NO_ACCIDENT","","https://finder.porsche.com/de/de-DE/details/porsche-taycan-4s-gebraucht-44LGDE?condition=porsche_approved&model=taycan&minimum-registration-date=2020&order=price_asc&ph_auto=1&ph_session=7e65d738-0cdf-42e8-b0eb-2b44647c0cb8&ph_market=DE"
"88","","SEEN_NOT_ELIGIBLE","YEAR_FILTER","KP45EG","DE","2020","63245","50336","77.9","14","0","NO_ACCIDENT","","https://finder.porsche.com/de/de-DE/details/porsche-taycan-4s-gebraucht-KP45EG?condition=porsche_approved&model=taycan&minimum-registration-date=2020&order=price_asc&ph_auto=1&ph_session=9b1d3c0b-6fe5-48af-abc5-a0350e7858a5&ph_market=DE"
"89","","SEEN_NOT_ELIGIBLE","YEAR_FILTER","D45NDL","BE","2022","70000","57850","77.8","6","0","NO_ACCIDENT","","https://finder.porsche.com/be/fr-BE/details/porsche-taycan-4-cross-turismo-doccasion-D45NDL?condition=porsche_approved&model=taycan&minimum-registration-date=2020&order=price_asc&ph_auto=1&ph_session=be4ed0e1-8950-45a9-884d-a50e215151fb&ph_market=BE"
"90","","SEEN_NOT_ELIGIBLE","LISTING_STATUS","25R629","FR","2020","69500","59900","77.8","32","0","NO_ACCIDENT","","https://finder.porsche.com/fr/fr-FR/details/porsche-taycan-4s-doccasion-25R629?condition=porsche_approved&model=taycan&minimum-registration-date=2020&order=price_asc"
"91","","SEEN_NOT_ELIGIBLE","YEAR_FILTER","DR788E","NL","2022","82474","62950","77.4","32","-2000","UNKNOWN","","https://finder.porsche.com/nl/nl-NL/details/porsche-taycan-occasion-DR788E?condition=porsche_approved&model=taycan&minimum-registration-date=2020&order=price_asc&ph_auto=1&ph_session=be4ed0e1-8950-45a9-884d-a50e215151fb&ph_market=NL"
"92","","SEEN_NOT_ELIGIBLE","YEAR_FILTER","L6EDWX","DE","2021","38200","58890","77.1","12","0","NO_ACCIDENT","","https://finder.porsche.com/de/de-DE/details/porsche-taycan-4-cross-turismo-gebraucht-L6EDWX?condition=porsche_approved&model=taycan&minimum-registration-date=2020&order=price_asc&ph_auto=1&ph_session=9c1853cb-cb9b-4117-b94a-bec4ef4308d3&ph_market=DE"
"93","","SEEN_NOT_ELIGIBLE","YEAR_FILTER","V9PDO2","DE","2022","35652","59490","77.1","4","0","DECLARED","","https://finder.porsche.com/de/de-DE/details/porsche-taycan-sport-turismo-gebraucht-V9PDO2?condition=porsche_approved&model=taycan&minimum-registration-date=2020&order=price_asc&ph_auto=1&ph_session=c9c2d06e-3ce8-4c27-882a-b2c6190de69f&ph_market=DE"
"94","","SEEN_NOT_ELIGIBLE","PRICE_FILTER","XPDL6O","BE","2023","35000","66115","77.1","32","0","NO_ACCIDENT","","https://finder.porsche.com/be/fr-BE/details/porsche-taycan-4s-sport-turismo-doccasion-XPDL6O?condition=porsche_approved&model=taycan&minimum-registration-date=2020&order=price_asc&ph_auto=1&ph_session=9b1d3c0b-6fe5-48af-abc5-a0350e7858a5&ph_market=BE"
"95","","SEEN_NOT_ELIGIBLE","YEAR_FILTER","PV6M4G","FR","2022","80589","61800","76.9","32","0","NO_ACCIDENT","","https://finder.porsche.com/fr/fr-FR/details/porsche-taycan-4-cross-turismo-doccasion-PV6M4G?condition=porsche_approved&model=taycan&minimum-registration-date=2020&order=price_asc&ph_auto=1&ph_session=9b1d3c0b-6fe5-48af-abc5-a0350e7858a5&ph_market=FR"
"96","","SEEN_NOT_ELIGIBLE","PRICE_FILTER","DRW0K3","LU","2023","30779","65726","75.9","32","-2565","NO_ACCIDENT","","https://finder.porsche.com/lu/fr-LU/details/porsche-taycan-gts-sport-turismo-doccasion-DRW0K3?condition=porsche_approved&model=taycan&minimum-registration-date=2020&order=price_asc&ph_auto=1&ph_session=9b1d3c0b-6fe5-48af-abc5-a0350e7858a5&ph_market=LU"
"97","","SEEN_NOT_ELIGIBLE","PRICE_FILTER","QV6EVW","BE","2023","57000","66112","75.8","32","0","NO_ACCIDENT","","https://finder.porsche.com/be/fr-BE/details/porsche-taycan-4s-sport-turismo-doccasion-QV6EVW?condition=porsche_approved&model=taycan&minimum-registration-date=2020&order=price_asc&ph_auto=1&ph_session=9b1d3c0b-6fe5-48af-abc5-a0350e7858a5&ph_market=BE"
"98","","SEEN_NOT_ELIGIBLE","YEAR_FILTER","ZOGOZP","DE","2021","65609","59790","75.7","0","0","NO_ACCIDENT","","https://finder.porsche.com/de/de-DE/details/porsche-taycan-4-cross-turismo-gebraucht-ZOGOZP?condition=porsche_approved&model=taycan&minimum-registration-date=2020&order=price_asc&ph_auto=1&ph_session=7e65d738-0cdf-42e8-b0eb-2b44647c0cb8&ph_market=DE"
"99","","SEEN_NOT_ELIGIBLE","LISTING_STATUS","W3N944","FR","2021","61190","62900","75.6","32","0","NO_ACCIDENT","","https://finder.porsche.com/fr/fr-FR/details/porsche-taycan-doccasion-W3N944?condition=porsche_approved&model=taycan&minimum-registration-date=2020&order=price_asc&ph_auto=1&ph_session=9b1d3c0b-6fe5-48af-abc5-a0350e7858a5&ph_market=FR"
"100","","SEEN_NOT_ELIGIBLE","PRICE_FILTER","20RG72","NL","2023","28701","64900","75.6","32","0","UNKNOWN","","https://finder.porsche.com/nl/nl-NL/details/porsche-taycan-sport-turismo-occasion-20RG72?condition=porsche_approved&model=taycan&minimum-registration-date=2020&order=price_asc&ph_auto=1&ph_session=9b1d3c0b-6fe5-48af-abc5-a0350e7858a5&ph_market=NL"
"101","","SEEN_NOT_ELIGIBLE","YEAR_FILTER","QVX4G8","IT","2021","106891","55900","75.5","32","0","NO_ACCIDENT","","https://finder.porsche.com/it/it-IT/details/porsche-taycan-usata-QVX4G8?condition=porsche_approved&model=taycan&minimum-registration-date=2020&order=price_asc&ph_auto=1&ph_session=9b1d3c0b-6fe5-48af-abc5-a0350e7858a5&ph_market=IT"
"102","","SEEN_NOT_ELIGIBLE","YEAR_FILTER","44W4XZ","BE","2022","17500","66112","75.1","32","0","NO_ACCIDENT","","https://finder.porsche.com/be/fr-BE/details/porsche-taycan-4s-sport-turismo-doccasion-44W4XZ?condition=porsche_approved&model=taycan&minimum-registration-date=2020&order=price_asc&ph_auto=1&ph_session=9b1d3c0b-6fe5-48af-abc5-a0350e7858a5&ph_market=BE"
"103","","SEEN_NOT_ELIGIBLE","YEAR_FILTER","V906M2","LU","2022","17411","65726","74.9","32","0","NO_ACCIDENT","","https://finder.porsche.com/lu/fr-LU/details/porsche-taycan-sport-turismo-doccasion-V906M2?condition=porsche_approved&model=taycan&minimum-registration-date=2020&order=price_asc&ph_auto=1&ph_session=9b1d3c0b-6fe5-48af-abc5-a0350e7858a5&ph_market=LU"
"104","","SEEN_NOT_ELIGIBLE","LISTING_STATUS","50LPW7","DE","2020","98250","50328","74.7","15","0","NO_ACCIDENT","","https://finder.porsche.com/de/de-DE/details/porsche-taycan-4s-gebraucht-50LPW7?condition=porsche_approved&model=taycan&minimum-registration-date=2020&order=price_asc&ph_auto=1&ph_session=9b1d3c0b-6fe5-48af-abc5-a0350e7858a5&ph_market=DE"
"105","","SEEN_NOT_ELIGIBLE","YEAR_FILTER","V9KE95","DE","2021","80980","58850","72.9","15","-1000","DECLARED","","https://finder.porsche.com/de/de-DE/details/porsche-taycan-4s-cross-turismo-gebraucht-V9KE95?condition=porsche_approved&model=taycan&minimum-registration-date=2020&order=price_asc&ph_auto=1&ph_session=7e65d738-0cdf-42e8-b0eb-2b44647c0cb8&ph_market=DE"
"106","","SEEN_NOT_ELIGIBLE","YEAR_FILTER","M40DNM","BE","2021","77981","59000","72","0","0","NO_ACCIDENT","","https://finder.porsche.com/be/fr-BE/details/porsche-taycan-doccasion-M40DNM?condition=porsche_approved&model=taycan&minimum-registration-date=2020&order=price_asc&ph_auto=1&ph_session=7e65d738-0cdf-42e8-b0eb-2b44647c0cb8&ph_market=BE"
"107","","SEEN_NOT_ELIGIBLE","YEAR_FILTER","6GEKPX","NL","2020","90755","63950","72","32","-1000","UNKNOWN","","https://finder.porsche.com/nl/nl-NL/details/porsche-taycan-4s-occasion-6GEKPX?condition=porsche_approved&model=taycan&minimum-registration-date=2020&order=price_asc&ph_auto=1&ph_session=be4ed0e1-8950-45a9-884d-a50e215151fb&ph_market=NL"
"108","","SEEN_NOT_ELIGIBLE","PRICE_FILTER","OG5MNL","ES","2024","31855","68900","71.5","15","0","UNKNOWN","","https://finder.porsche.com/es/es-ES/details/porsche-taycan-usado-OG5MNL?condition=porsche_approved&model=taycan&minimum-registration-date=2020&order=price_asc"
"109","","SEEN_NOT_ELIGIBLE","YEAR_FILTER","L6025Q","NL","2021","48820","61901","69","15","0","UNKNOWN","","https://finder.porsche.com/nl/nl-NL/details/porsche-taycan-4s-cross-turismo-occasion-L6025Q?condition=porsche_approved&model=taycan&minimum-registration-date=2020&order=price_asc&ph_auto=1&ph_session=9b1d3c0b-6fe5-48af-abc5-a0350e7858a5&ph_market=NL"
"110","","SEEN_NOT_ELIGIBLE","YEAR_FILTER","MEGPNO","IT","2022","73506","64900","69","15","0","NO_ACCIDENT","","https://finder.porsche.com/it/it-IT/details/porsche-taycan-4-cross-turismo-usata-MEGPNO?condition=porsche_approved&model=taycan&minimum-registration-date=2020&order=price_asc&ph_auto=1&ph_session=9b1d3c0b-6fe5-48af-abc5-a0350e7858a5&ph_market=IT"
"111","","SEEN_NOT_ELIGIBLE","LISTING_STATUS","36P3LV","ES","2023","50931","69900","68.5","32","0","UNKNOWN","","https://finder.porsche.com/es/es-ES/details/porsche-taycan-4-cross-turismo-usado-36P3LV?condition=porsche_approved&model=taycan&minimum-registration-date=2020&order=price_asc"
"112","","SEEN_NOT_ELIGIBLE","LISTING_STATUS","705056","NL","2021","48149","67900","67.4","32","0","UNKNOWN","","https://finder.porsche.com/nl/nl-NL/details/porsche-taycan-occasion-705056?condition=porsche_approved&model=taycan&minimum-registration-date=2020&order=price_asc&ph_auto=1&ph_session=9b1d3c0b-6fe5-48af-abc5-a0350e7858a5&ph_market=NL"
"113","","SEEN_NOT_ELIGIBLE","YEAR_FILTER","3K4MO0","ES","2022","89911","65900","67.2","32","0","UNKNOWN","","https://finder.porsche.com/es/es-ES/details/porsche-taycan-4-cross-turismo-usado-3K4MO0?condition=porsche_approved&model=taycan&minimum-registration-date=2020&order=price_asc"
"114","","SEEN_NOT_ELIGIBLE","LISTING_STATUS","DRX7ZE","IT","2021","62617","60900","67","32","0","NO_ACCIDENT","","https://finder.porsche.com/it/it-IT/details/porsche-taycan-usata-DRX7ZE?condition=porsche_approved&model=taycan&minimum-registration-date=2020&order=price_asc&ph_auto=1&ph_session=9b1d3c0b-6fe5-48af-abc5-a0350e7858a5&ph_market=IT"
"115","","SEEN_NOT_ELIGIBLE","YEAR_FILTER","6O8R35","NL","2022","35253","66950","66.7","32","-1000","UNKNOWN","","https://finder.porsche.com/nl/nl-NL/details/porsche-taycan-occasion-6O8R35?condition=porsche_approved&model=taycan&minimum-registration-date=2020&order=price_asc&ph_auto=1&ph_session=be4ed0e1-8950-45a9-884d-a50e215151fb&ph_market=NL"
"116","","SEEN_NOT_ELIGIBLE","PRICE_FILTER","XZ3PXE","LU","2024","45950","81111","66.7","32","0","NO_ACCIDENT","","https://finder.porsche.com/lu/fr-LU/details/porsche-taycan-4s-sport-turismo-doccasion-XZ3PXE?condition=porsche_approved&model=taycan&minimum-registration-date=2020&order=price_asc&ph_auto=1&ph_session=9b1d3c0b-6fe5-48af-abc5-a0350e7858a5&ph_market=LU"
"117","","SEEN_NOT_ELIGIBLE","PRICE_FILTER","V9KQM2","LU","2024","31594","92900","66.5","32","-6000","NO_ACCIDENT","","https://finder.porsche.com/lu/fr-LU/details/porsche-taycan-turbo-cross-turismo-doccasion-V9KQM2?condition=porsche_approved&model=taycan&minimum-registration-date=2020&order=price_asc&ph_auto=1&ph_session=9b1d3c0b-6fe5-48af-abc5-a0350e7858a5&ph_market=LU"
"118","","SEEN_NOT_ELIGIBLE","COUNTRY_EXCLUDED","aue661","SE","2019","","51175","66.2","32","0","UNKNOWN","","https://dinbil.se/porsche/bilar-i-lager/alla-bilar-i-lager/aue661"
"119","","SEEN_NOT_ELIGIBLE","LISTING_STATUS","249LVK","ES","2021","80845","69800","65.6","32","0","UNKNOWN","","https://finder.porsche.com/es/es-ES/details/porsche-taycan-4-cross-turismo-usado-249LVK?condition=porsche_approved&model=taycan&minimum-registration-date=2020&order=price_asc"
"120","","SEEN_NOT_ELIGIBLE","PRICE_FILTER","3K45E0","NL","2023","49500","74750","65.3","32","0","UNKNOWN","","https://finder.porsche.com/nl/nl-NL/details/porsche-taycan-4-cross-turismo-occasion-3K45E0?condition=porsche_approved&model=taycan&minimum-registration-date=2020&order=price_asc&ph_auto=1&ph_session=9b1d3c0b-6fe5-48af-abc5-a0350e7858a5&ph_market=NL"
"121","","SEEN_NOT_ELIGIBLE","PRICE_FILTER","WKL8NM","BE","2024","37987","66112","65","15","0","NO_ACCIDENT","","https://finder.porsche.com/be/fr-BE/details/porsche-taycan-4-cross-turismo-doccasion-WKL8NM?condition=porsche_approved&model=taycan&minimum-registration-date=2020&order=price_asc&ph_auto=1&ph_session=9b1d3c0b-6fe5-48af-abc5-a0350e7858a5&ph_market=BE"
"122","","SEEN_NOT_ELIGIBLE","PRICE_FILTER","25DLWZ","NL","2023","41000","68950","64.5","32","-1000","UNKNOWN","","https://finder.porsche.com/nl/nl-NL/details/porsche-taycan-sport-turismo-occasion-25DLWZ?condition=porsche_approved&model=taycan&minimum-registration-date=2020&order=price_asc&ph_auto=1&ph_session=1e725055-1d08-4084-a888-86cdda3f23be&ph_market=NL"
"123","","SEEN_NOT_ELIGIBLE","YEAR_FILTER","8OO3QG","FR","2021","95900","61800","64.4","12","0","NO_ACCIDENT","","https://finder.porsche.com/fr/fr-FR/details/porsche-taycan-turbo-doccasion-8OO3QG?condition=porsche_approved&model=taycan&minimum-registration-date=2020&order=price_asc&ph_auto=1&ph_session=2c18d404-f2a3-44c9-a0ba-8d0bf36f2456&ph_market=FR"
"124","","SEEN_NOT_ELIGIBLE","PRICE_FILTER","25GKVZ","ES","2024","24622","81900","64.3","32","0","NO_ACCIDENT","","https://finder.porsche.com/es/es-ES/details/porsche-taycan-usado-25GKVZ?condition=porsche_approved&model=taycan&minimum-registration-date=2020&order=price_asc&ph_auto=1&ph_session=9b1d3c0b-6fe5-48af-abc5-a0350e7858a5&ph_market=ES"
"125","","SEEN_NOT_ELIGIBLE","PRICE_FILTER","V97NOK","BE","2023","29267","66115","63.8","15","0","NO_ACCIDENT","","https://finder.porsche.com/be/fr-BE/details/porsche-taycan-sport-turismo-doccasion-V97NOK?condition=porsche_approved&model=taycan&minimum-registration-date=2020&order=price_asc&ph_auto=1&ph_session=9b1d3c0b-6fe5-48af-abc5-a0350e7858a5&ph_market=BE"
"126","","SEEN_NOT_ELIGIBLE","LISTING_STATUS","5KD6R0","BE","2024","24874","72521","63.8","32","0","NO_ACCIDENT","","https://finder.porsche.com/be/fr-BE/details/porsche-taycan-sport-turismo-doccasion-5KD6R0?condition=porsche_approved&model=taycan&minimum-registration-date=2020&order=price_asc&ph_auto=1&ph_session=1e725055-1d08-4084-a888-86cdda3f23be&ph_market=BE"
"127","","SEEN_NOT_ELIGIBLE","LISTING_STATUS","L6L0XN","FR","2020","81700","62900","63.7","15","0","NO_ACCIDENT","","https://finder.porsche.com/fr/fr-FR/details/porsche-taycan-4s-doccasion-L6L0XN?condition=porsche_approved&model=taycan&minimum-registration-date=2020&order=price_asc&ph_auto=1&ph_session=e8849d18-b151-4f0a-a9d8-2c8210c93c2b&ph_market=FR"
"128","","SEEN_NOT_ELIGIBLE","YEAR_FILTER","GEK344","IT","2020","81000","64900","63.7","15","0","NO_ACCIDENT","","https://finder.porsche.com/it/it-IT/details/porsche-taycan-4s-usata-GEK344?condition=porsche_approved&model=taycan&minimum-registration-date=2020&order=price_asc&ph_auto=1&ph_session=9b1d3c0b-6fe5-48af-abc5-a0350e7858a5&ph_market=IT"
"129","","SEEN_NOT_ELIGIBLE","PRICE_FILTER","X8NQOO","ES","2023","28000","85000","62.6","32","-400","NO_ACCIDENT","","https://finder.porsche.com/es/es-ES/details/porsche-taycan-usado-X8NQOO?condition=porsche_approved&model=taycan&minimum-registration-date=2020&order=price_asc&ph_auto=1&ph_session=9b1d3c0b-6fe5-48af-abc5-a0350e7858a5&ph_market=ES"
"130","","SEEN_NOT_ELIGIBLE","LISTING_STATUS","V4DZX9","NL","2022","62163","74900","61.6","32","0","UNKNOWN","","https://finder.porsche.com/nl/nl-NL/details/porsche-taycan-4s-occasion-V4DZX9?condition=porsche_approved&model=taycan&minimum-registration-date=2020&order=price_asc&ph_auto=1&ph_session=9b1d3c0b-6fe5-48af-abc5-a0350e7858a5&ph_market=NL"
"131","","SEEN_NOT_ELIGIBLE","PRICE_FILTER","8O82R3","ES","2024","31000","75700","61.3","32","-1000","NO_ACCIDENT","","https://finder.porsche.com/es/es-ES/details/porsche-taycan-usado-8O82R3?condition=porsche_approved&model=taycan&minimum-registration-date=2020&order=price_asc&ph_auto=1&ph_session=c9c2d06e-3ce8-4c27-882a-b2c6190de69f&ph_market=ES"
"132","","SEEN_NOT_ELIGIBLE","PRICE_FILTER","3K44R0","ES","2024","48330","78900","60.6","32","0","NO_ACCIDENT","","https://finder.porsche.com/es/es-ES/details/porsche-taycan-usado-3K44R0?condition=porsche_approved&model=taycan&minimum-registration-date=2020&order=price_asc&ph_auto=1&ph_session=9b1d3c0b-6fe5-48af-abc5-a0350e7858a5&ph_market=ES"
"133","","SEEN_NOT_ELIGIBLE","LISTING_STATUS","XZOOKO","ES","2020","19230","69500","60.3","32","-100","UNKNOWN","92","https://finder.porsche.com/es/es-ES/details/porsche-taycan-4s-usado-XZOOKO?condition=porsche_approved&model=taycan&minimum-registration-date=2020&order=price_asc"
"134","","SEEN_NOT_ELIGIBLE","LISTING_STATUS","5K2RX7","ES","2021","14036","79800","60.1","32","0","NO_ACCIDENT","","https://finder.porsche.com/es/es-ES/details/porsche-taycan-turbo-usado-5K2RX7?condition=porsche_approved&model=taycan&minimum-registration-date=2020&order=price_asc&ph_auto=1&ph_session=9b1d3c0b-6fe5-48af-abc5-a0350e7858a5&ph_market=ES"
"135","","SEEN_NOT_ELIGIBLE","YEAR_FILTER","WKL7WD","NL","2022","67570","69750","59.8","15","0","UNKNOWN","","https://finder.porsche.com/nl/nl-NL/details/porsche-taycan-4-cross-turismo-occasion-WKL7WD?condition=porsche_approved&model=taycan&minimum-registration-date=2020&order=price_asc&ph_auto=1&ph_session=9b1d3c0b-6fe5-48af-abc5-a0350e7858a5&ph_market=NL"
"136","","SEEN_NOT_ELIGIBLE","YEAR_FILTER","OP4DP3","ES","2022","35377","72600","59.7","32","-100","NO_ACCIDENT","","https://finder.porsche.com/es/es-ES/details/porsche-taycan-4-cross-turismo-usado-OP4DP3?condition=porsche_approved&model=taycan&minimum-registration-date=2020&order=price_asc&ph_auto=1&ph_session=9b1d3c0b-6fe5-48af-abc5-a0350e7858a5&ph_market=ES"
"137","","SEEN_NOT_ELIGIBLE","PRICE_FILTER","NK289L","NL","2023","53734","72950","59.5","32","-2000","UNKNOWN","","https://finder.porsche.com/nl/nl-NL/details/porsche-taycan-4-cross-turismo-occasion-NK289L?condition=porsche_approved&model=taycan&minimum-registration-date=2020&order=price_asc&ph_auto=1&ph_session=be4ed0e1-8950-45a9-884d-a50e215151fb&ph_market=NL"
"138","","SEEN_NOT_ELIGIBLE","PRICE_FILTER","K5VM3M","NL","2023","70769","69950","59","15","0","UNKNOWN","","https://finder.porsche.com/nl/nl-NL/details/porsche-taycan-sport-turismo-occasion-K5VM3M?condition=porsche_approved&model=taycan&minimum-registration-date=2020&order=price_asc&ph_auto=1&ph_session=9b1d3c0b-6fe5-48af-abc5-a0350e7858a5&ph_market=NL"
"139","","SEEN_NOT_ELIGIBLE","LISTING_STATUS","NQMNDP","IT","2021","60500","65900","58.6","12","0","NO_ACCIDENT","","https://finder.porsche.com/it/it-IT/details/porsche-taycan-4-cross-turismo-usata-NQMNDP?condition=porsche_approved&model=taycan&minimum-registration-date=2020&order=price_asc&ph_auto=1&ph_session=2c18d404-f2a3-44c9-a0ba-8d0bf36f2456&ph_market=IT"
"140","","SEEN_NOT_ELIGIBLE","COUNTRY_EXCLUDED","sbb86l","SE","2020","","60075","58","32","0","UNKNOWN","","https://dinbil.se/porsche/bilar-i-lager/alla-bilar-i-lager/sbb86l"
"141","","SEEN_NOT_ELIGIBLE","LISTING_STATUS","MEKE78","ES","2025","16407","85900","56","15","0","NO_ACCIDENT","","https://finder.porsche.com/es/es-ES/details/porsche-taycan-4-cross-turismo-usado-MEKE78?condition=porsche_approved&model=taycan&minimum-registration-date=2020&order=price_asc&ph_auto=1&ph_session=9b1d3c0b-6fe5-48af-abc5-a0350e7858a5&ph_market=ES"
"142","","SEEN_NOT_ELIGIBLE","PRICE_FILTER","GRG90N","LU","2025","15000","93932","56","15","0","NO_ACCIDENT","","https://finder.porsche.com/lu/fr-LU/details/porsche-taycan-4s-cross-turismo-doccasion-GRG90N?condition=porsche_approved&model=taycan&minimum-registration-date=2020&order=price_asc&ph_auto=1&ph_session=9b1d3c0b-6fe5-48af-abc5-a0350e7858a5&ph_market=LU"
"143","","SEEN_NOT_ELIGIBLE","PRICE_FILTER","9P6EN7","ES","2024","14500","85800","55.2","15","0","NO_ACCIDENT","","https://finder.porsche.com/es/es-ES/details/porsche-taycan-4-cross-turismo-usado-9P6EN7?condition=porsche_approved&model=taycan&minimum-registration-date=2020&order=price_asc&ph_auto=1&ph_session=9b1d3c0b-6fe5-48af-abc5-a0350e7858a5&ph_market=ES"
"144","","SEEN_NOT_ELIGIBLE","COUNTRY_EXCLUDED","nkp32l","SE","2024","","66305","53.6","32","0","UNKNOWN","","https://dinbil.se/porsche/bilar-i-lager/alla-bilar-i-lager/nkp32l"
"145","","SEEN_NOT_ELIGIBLE","LISTING_STATUS","L8WMWZ","NL","2023","15608","79750","52.2","6","0","UNKNOWN","","https://finder.porsche.com/nl/nl-NL/details/porsche-taycan-sport-turismo-occasion-L8WMWZ?condition=porsche_approved&model=taycan&minimum-registration-date=2020&order=price_asc&ph_auto=1&ph_session=1e725055-1d08-4084-a888-86cdda3f23be&ph_market=NL"
"146","","SEEN_NOT_ELIGIBLE","PRICE_FILTER","V9Q9DR","ES","2023","24334","74600","52","15","0","NO_ACCIDENT","","https://finder.porsche.com/es/es-ES/details/porsche-taycan-usado-V9Q9DR?condition=porsche_approved&model=taycan&minimum-registration-date=2020&order=price_asc&ph_auto=1&ph_session=9b1d3c0b-6fe5-48af-abc5-a0350e7858a5&ph_market=ES"
"147","","SEEN_NOT_ELIGIBLE","LISTING_STATUS","V9QXLK","BE","2024","39900","70124","51.7","11","0","NO_ACCIDENT","","https://finder.porsche.com/be/fr-BE/details/porsche-taycan-doccasion-V9QXLK?condition=porsche_approved&model=taycan&minimum-registration-date=2020&order=price_asc&ph_auto=1&ph_session=5c71da46-9049-45cd-b6bc-b36e633d6b34&ph_market=BE"
"148","","SEEN_NOT_ELIGIBLE","PRICE_FILTER","DO9ONN","ES","2024","36500","83700","51.7","15","0","NO_ACCIDENT","","https://finder.porsche.com/es/es-ES/details/porsche-taycan-usado-DO9ONN?condition=porsche_approved&model=taycan&minimum-registration-date=2020&order=price_asc&ph_auto=1&ph_session=9b1d3c0b-6fe5-48af-abc5-a0350e7858a5&ph_market=ES"
"149","","SEEN_NOT_ELIGIBLE","PRICE_FILTER","KPL65P","NL","2024","39152","73950","51.4","32","-4000","UNKNOWN","","https://finder.porsche.com/nl/nl-NL/details/porsche-taycan-occasion-KPL65P?condition=porsche_approved&model=taycan&minimum-registration-date=2020&order=price_asc&ph_auto=1&ph_session=be4ed0e1-8950-45a9-884d-a50e215151fb&ph_market=NL"
"150","","SEEN_NOT_ELIGIBLE","LISTING_STATUS","0O4O9D","ES","2023","53774","86500","51.2","6","0","NO_ACCIDENT","","https://finder.porsche.com/es/es-ES/details/porsche-taycan-4-cross-turismo-usado-0O4O9D?condition=porsche_approved&model=taycan&minimum-registration-date=2020&order=price_asc&ph_auto=1&ph_session=be4ed0e1-8950-45a9-884d-a50e215151fb&ph_market=ES"
"151","","SEEN_NOT_ELIGIBLE","YEAR_FILTER","W3QOLM","ES","2022","45910","72900","50.9","15","0","NO_ACCIDENT","","https://finder.porsche.com/es/es-ES/details/porsche-taycan-4-cross-turismo-usado-W3QOLM?condition=porsche_approved&model=taycan&minimum-registration-date=2020&order=price_asc&ph_auto=1&ph_session=9b1d3c0b-6fe5-48af-abc5-a0350e7858a5&ph_market=ES"
"152","","SEEN_NOT_ELIGIBLE","LISTING_STATUS","XG2RGE","NL","2023","49173","72900","50.2","15","0","UNKNOWN","","https://finder.porsche.com/nl/nl-NL/details/porsche-taycan-occasion-XG2RGE?condition=porsche_approved&model=taycan&minimum-registration-date=2020&order=price_asc&ph_auto=1&ph_session=9b1d3c0b-6fe5-48af-abc5-a0350e7858a5&ph_market=NL"
"153","","SEEN_NOT_ELIGIBLE","YEAR_FILTER","440KME","BE","2022","38166","70041","50","15","0","NO_ACCIDENT","","https://finder.porsche.com/be/fr-BE/details/porsche-taycan-gts-doccasion-440KME?condition=porsche_approved&model=taycan&minimum-registration-date=2020&order=price_asc&ph_auto=1&ph_session=9b1d3c0b-6fe5-48af-abc5-a0350e7858a5&ph_market=BE"
"154","","SEEN_NOT_ELIGIBLE","YEAR_FILTER","0578W4","NL","2021","62324","72950","46.4","6","0","UNKNOWN","","https://finder.porsche.com/nl/nl-NL/details/porsche-taycan-4s-cross-turismo-occasion-0578W4?condition=porsche_approved&model=taycan&minimum-registration-date=2020&order=price_asc&ph_auto=1&ph_session=be4ed0e1-8950-45a9-884d-a50e215151fb&ph_market=NL"
"155","","SEEN_NOT_ELIGIBLE","COUNTRY_EXCLUDED","ccz87b","SE","2026","","103685","44.9","32","0","UNKNOWN","","https://dinbil.se/porsche/bilar-i-lager/alla-bilar-i-lager/ccz87b"
"156","","SEEN_NOT_ELIGIBLE","COUNTRY_EXCLUDED","lzk11k","SE","2026","","133055","44.9","32","0","UNKNOWN","","https://dinbil.se/porsche/bilar-i-lager/alla-bilar-i-lager/lzk11k"
"157","","SEEN_NOT_ELIGIBLE","COUNTRY_EXCLUDED","caw03x","SE","2025","","95675","44.4","32","0","UNKNOWN","","https://dinbil.se/porsche/bilar-i-lager/alla-bilar-i-lager/caw03x"
"158","","SEEN_NOT_ELIGIBLE","COUNTRY_EXCLUDED","wcb23d","SE","2025","","99235","44.4","32","0","UNKNOWN","","https://dinbil.se/porsche/bilar-i-lager/alla-bilar-i-lager/wcb23d"
"159","","SEEN_NOT_ELIGIBLE","COUNTRY_EXCLUDED","dxm14e","SE","2025","","101015","44.4","32","0","UNKNOWN","","https://dinbil.se/porsche/bilar-i-lager/alla-bilar-i-lager/dxm14e"
"160","","SEEN_NOT_ELIGIBLE","COUNTRY_EXCLUDED","ezp61l","SE","2025","","101015","44.4","32","0","UNKNOWN","","https://dinbil.se/porsche/bilar-i-lager/alla-bilar-i-lager/ezp61l"
"161","","SEEN_NOT_ELIGIBLE","COUNTRY_EXCLUDED","fzx56g","SE","2024","","87220","43.6","32","0","UNKNOWN","","https://dinbil.se/porsche/bilar-i-lager/alla-bilar-i-lager/fzx56g"
"162","","SEEN_NOT_ELIGIBLE","COUNTRY_EXCLUDED","ntl59z","SE","2024","","72891","42.4","32","0","UNKNOWN","","https://dinbil.se/porsche/bilar-i-lager/alla-bilar-i-lager/ntl59z"
"163","","SEEN_NOT_ELIGIBLE","YEAR_FILTER","24ZEEK","ES","2021","93070","82000","42.1","13","0","NO_ACCIDENT","","https://finder.porsche.com/es/es-ES/details/porsche-taycan-turbo-s-usado-24ZEEK?condition=porsche_approved&model=taycan&minimum-registration-date=2020&order=price_asc&ph_auto=1&ph_session=e8849d18-b151-4f0a-a9d8-2c8210c93c2b&ph_market=ES"
"164","","SEEN_NOT_ELIGIBLE","COUNTRY_EXCLUDED","rut01n","SE","2020","","213155","36.3","32","0","UNKNOWN","","https://dinbil.se/porsche/bilar-i-lager/alla-bilar-i-lager/rut01n"
"165","","PROCESSING_UNKNOWN","VALIDATION_FAILED: PRICE_UNCONFIRMED","L697WZ","ES","","","","","0","","UNKNOWN","","https://finder.porsche.com/es/es-ES/details/porsche-taycan-4-cross-turismo-usado-L697WZ?condition=porsche_approved&model=taycan&minimum-registration-date=2020&order=price_asc&ph_auto=1&ph_session=c583d964-8681-436c-a5fd-8677f1b4e993&ph_market=ES&ph_engine=TAYCAN"